<?xml version="1.0"?>
<WLANProfile xmlns="http://www.microsoft.com/networking/WLAN/profile/v1">
<name>Dr Eunice ~ Firstlady</name>
<SSIDConfig>
<SSID>
<name>Dr Eunice ~ Firstlady</name>
</SSID>
</SSIDConfig>
<connectionType>ESS</connectionType>
<connectionMode>auto</connectionMode>
<MSM>
<security>
<authEncryption>
<authentication>WPA2PSK</authentication>
<encryption>AES</encryption>
<useOneX>false</useOneX>
</authEncryption>
<sharedKey>
<keyType>passPhrase</keyType>
<protected>false</protected>
<keyMaterial>1qaz2wsx</keyMaterial>
</sharedKey>
</security>
</MSM>
</WLANProfile>
