<?xml version="1.0"?>
<WLANProfile xmlns="http://www.microsoft.com/networking/WLAN/profile/v1">
	<name>Spectranet-LTE-21E1</name>
	<SSIDConfig>
		<SSID>
			<hex>537065637472616E65742D4C54452D32314531</hex>
			<name>Spectranet-LTE-21E1</name>
		</SSID>
	</SSIDConfig>
	<connectionType>ESS</connectionType>
	<connectionMode>manual</connectionMode>
	<MSM>
		<security>
			<authEncryption>
				<authentication>WPA2PSK</authentication>
				<encryption>AES</encryption>
				<useOneX>false</useOneX>
			</authEncryption>
			<sharedKey>
				<keyType>passPhrase</keyType>
				<protected>false</protected>
				<keyMaterial>88888888</keyMaterial>
			</sharedKey>
		</security>
	</MSM>
</WLANProfile>
