<?xml version="1.0"?>
<WLANProfile xmlns="http://www.microsoft.com/networking/WLAN/profile/v1">
	<name>vivo Y03</name>
	<SSIDConfig>
		<SSID>
			<hex>7669766F20593033</hex>
			<name>vivo Y03</name>
		</SSID>
		<nonBroadcast>true</nonBroadcast>
	</SSIDConfig>
	<connectionType>ESS</connectionType>
	<connectionMode>auto</connectionMode>
	<autoSwitch>true</autoSwitch>
	<MSM>
		<security>
			<authEncryption>
				<authentication>WPA2PSK</authentication>
				<encryption>AES</encryption>
				<useOneX>false</useOneX>
			</authEncryption>
			<sharedKey>
				<keyType>passPhrase</keyType>
				<protected>false</protected>
				<keyMaterial>123456789</keyMaterial>
			</sharedKey>
		</security>
	</MSM>
	<MacRandomization xmlns="http://www.microsoft.com/networking/WLAN/profile/v3">
		<enableRandomization>true</enableRandomization>
		<randomizationSeed>3694122454</randomizationSeed>
	</MacRandomization>
</WLANProfile>
