<?xml version="1.0"?>
<WLANProfile xmlns="http://www.microsoft.com/networking/WLAN/profile/v1">
	<name>RAVOZ Z3 Pro</name>
	<SSIDConfig>
		<SSID>
			<hex>5241564F5A205A332050726F</hex>
			<name>RAVOZ Z3 Pro</name>
		</SSID>
		<nonBroadcast>false</nonBroadcast>
	</SSIDConfig>
	<connectionType>ESS</connectionType>
	<connectionMode>manual</connectionMode>
	<autoSwitch>false</autoSwitch>
	<MSM>
		<security>
			<authEncryption>
				<authentication>open</authentication>
				<encryption>none</encryption>
				<useOneX>false</useOneX>
			</authEncryption>
		</security>
	</MSM>
	<MacRandomization xmlns="http://www.microsoft.com/networking/WLAN/profile/v3">
		<enableRandomization>false</enableRandomization>
		<randomizationSeed>2722432283</randomizationSeed>
	</MacRandomization>
</WLANProfile>
