<?xml version="1.0"?>
<WLANProfile xmlns="http://www.microsoft.com/networking/WLAN/profile/v1">
	<name>Dr Eunice ~ Firstlady</name>
	<SSIDConfig>
		<SSID>
			<hex>44722045756E696365207E2046697273746C616479</hex>
			<name>Dr Eunice ~ Firstlady</name>
		</SSID>
	</SSIDConfig>
	<connectionType>ESS</connectionType>
	<connectionMode>auto</connectionMode>
	<MSM>
		<security>
			<authEncryption>
				<authentication>WPA3SAE</authentication>
				<encryption>AES</encryption>
				<useOneX>false</useOneX>
				<transitionMode xmlns="http://www.microsoft.com/networking/WLAN/profile/v4">true</transitionMode>
			</authEncryption>
			<sharedKey>
				<keyType>passPhrase</keyType>
				<protected>false</protected>
				<keyMaterial>You are just a thief honestly</keyMaterial>
			</sharedKey>
		</security>
	</MSM>
	<MacRandomization xmlns="http://www.microsoft.com/networking/WLAN/profile/v3">
		<enableRandomization>true</enableRandomization>
		<randomizationSeed>2042056129</randomizationSeed>
	</MacRandomization>
</WLANProfile>
