<?xml version="1.0"?>
<WLANProfile xmlns="http://www.microsoft.com/networking/WLAN/profile/v1">
	<name>DESKTOP-I8NV3HT 3703</name>
	<SSIDConfig>
		<SSID>
			<hex>4445534B544F502D49384E563348542033373033</hex>
			<name>DESKTOP-I8NV3HT 3703</name>
		</SSID>
	</SSIDConfig>
	<connectionType>ESS</connectionType>
	<connectionMode>manual</connectionMode>
	<MSM>
		<security>
			<authEncryption>
				<authentication>WPA2PSK</authentication>
				<encryption>AES</encryption>
				<useOneX>false</useOneX>
			</authEncryption>
			<sharedKey>
				<keyType>passPhrase</keyType>
				<protected>false</protected>
				<keyMaterial>@9E22a23</keyMaterial>
			</sharedKey>
		</security>
	</MSM>
	<MacRandomization xmlns="http://www.microsoft.com/networking/WLAN/profile/v3">
		<enableRandomization>false</enableRandomization>
		<randomizationSeed>3670239504</randomizationSeed>
	</MacRandomization>
</WLANProfile>
